<?xml version="1.0"?>
<pagescount>
	<html_total>34</html_total>
	<html_done>34</html_done>
	<images>180</images>
	<script>4</script>
	<css>1</css>
	<pdf/>
	<documents/>
	<excel/>
	<powerpoint/>
	<flash/>
	<audios/>
	<videos/>
	<xml/>
	<json/>
	<txt/>
	<autocad/>
	<model_3d/>
	<fonts>3</fonts>
	<scraping_reload>1</scraping_reload>
	<is_pretty_url>false</is_pretty_url>
	<has_trailing_slash>false</has_trailing_slash>
	<is_ebn>false</is_ebn>
	<email>wdo@waybackmachinedownloader.com</email>
	<theme_name>WmdTheme981231</theme_name>
	<server_url_front_page>https://www6.waybackmachinedownloader.com/wdo/files/demo/tekzy-template.webflow.io_wdo_waybackmachinedownloader.com_oihyyp8xe5/</server_url_front_page>
	<no_www_url>tekzy-template.webflow.io</no_www_url>
	<hosted_domain/>
	<original_archive_url>https://tekzy-template.webflow.io/</original_archive_url>
	<final_archive_url>https://tekzy-template.webflow.io/</final_archive_url>
	<front_page_code_date/>
	<total_urls_from_api/>
	<max_reached_live>false</max_reached_live>
	<scrape_other_captures>false</scrape_other_captures>
	<total_size>10848</total_size>
</pagescount>
